user,39451455@N05,nasadesertrats
user,29988733@N04,nasa2explore
user,28634332@N05,nasamarshall
user,44494372@N05,nasacommons
user,35067687@N04,nasahqphoto
user,7821771@N05,wsdot
user,61913304@N07,commercegov
user,50838842@N06,usfwshq
user,40322276@N04,usoceangov
user,32652007@N02,cityofreno
user,45620706@N02,PortlandCorps
user,47026734@N08,usbr
user,52862363@N07,usdol
user,50115950@N07,bouldercolorado
user,53541927@N03,countyplanning
user,50169152@N06,blmoregon
group,1058319@N21,usagov
user,52636104@N03,ecologywa
user,43397645@N06,compacflt
group,1908907@N20,greatnephotos
user,44636446@N04,VeteransAffairs
user,41284017@N08,usdagov
user,50976304@N07,blmcalifornia
user,61932367@N03,tampaairport
user,57197537@N06,usacebuffalo
user,49937499@N08,lagohsep
user,47838549@N08,noaanssl
user,52718311@N06,marforrespao
group,1212897@N21,nad
user,64000826@N08,ftmeade
user,47923257@N08,ustreasury
user,47445478@N05,hhsgov
user,58220939@N03,usgao
user,39259750@N02,uscpsc
user,50036088@N05,poolsafely
user,47833064@N03,fairfaxcounty
user,54563451@N08,usgsbiml
user,80629914@N05,dodigmedia
user,57995098@N07,cfpbphotos
user,59094030@N08,ciagov
user,37916456@N02,departmentofenergy
user,48445211@N06,departmentofed
user,44065807@N03,fccdotgov
user,54591706@N02,niaid
user,27814015@N03,peacecorps
user,87467184@N05,nysagriculture
user,9364837@N06,statephotos
user,76352992@N08,usgsdiscovre
user,27784370@N05,usgeologicalsurvey
user,65663221@N03,wiworkforce
user,53135348@N07,3mefpao
user,51279526@N08,usacestlouis
user,69536710@N07,marinebarracks
user,30539067@N04,usacehq
user,59495372@N07,oceancitymdgov
user,39736050@N02,fdaphotos
group,1300795@N24,scgov
user,22917565@N03,kingcounty
user,24400159@N05,usepagov
group,1989640@N21,battleofthebuildings
user,71969231@N06,montohio
user,44512890@N02,seattlepolice
user,88445067@N05,statemaryland
user,39513508@N06,usairforce
user,63064304@N06,jblmpao
user,96686349@N05,nysotda
user,55660512@N07,goarmyphotos
user,23572855@N02,conservewa
user,92102041@N04,GovInslee
user,35433815@N08,WAstateDNR
user,50275523@N05,waospi
user,95597328@N08,jahvh
user,94851589@N06,marionva
user,78023665@N02,vaannarbor
user,99361524@N07,vakansascity
user,98005718@N02,vapittsburgh
user,69288602@N06,veteranshealth
user,35703177@N00,soldiersmediacenter
user,41464593@N02,usfwssoutheast
user,38991418@N07,firstinfantrydivision
user,41555360@N03,hudopa
user,43060784@N06,commissary
user,54857656@N02,nduniv
user,38891770@N07,texasparkswildlife
user,64554830@N06,usgsa
group,2130978@N25,ehawaii
user,24662369@N07,gsfc
user,39845951@N05,navfac
user,54593278@N03,cbpphotos
user,45664339@N08,uscensusbureau
user,50496659@N07,marinecorpsmarathon
user,39675537@N08,USOPM
user,41284017@N08,72157623679016496
user,49984523@N02,samhsa
user,61714527@N02,fswoodlab
user,40874825@N03,raylahood
user,51647007@N08,noaaphotolib
user,54661070@N06,mdabmds
user,68265719@N02,navyjagcorps
user,78725676@N06,noaamarinedebris
user,50838842@N06,72157632632352797
user,50838842@N06,72157629000041201
user,49208525@N08,usfwsmidwest
user,51986662@N05,usfwsmtnprairie
user,52133016@N08,sets
user,51986662@N05,72157633205966364
user,58792031@N04,fortrucker
user,109896362@N04,boemgov
user,49314172@N07,kansastransportation
user,95390091@N07,sets
user,78938233@N06,detrickusag
user,43788330@N05,noaa_glerl
user,56594044@N06,usnavy
group,1085341@N22,ksgovernment
user,34975434@N08,us-pacific-command
user,37586585@N05,kansashistoricalsociety
user,62758023@N06,62758023@N06
user,47825420@N04,kcua
user,55563624@N00,55563624@N00
user,67908357@N08,kansaswheat
user,61477385@N07,kansas-soybean
user,42357827@N06,ksnursingboard
user,96135455@N08,nysdec
user,35740357@N03,usnationalarchives
user,39955793@N07,39955793@N07
user,30884892@N08,coast_guard
user,92618257@N08,federalreserve
user,8623220@N02,library_of_congress
user,33252741@N08,TheNationalGuard
user,46658241@N06,usaid_images
user,65191584@N07,uscapitol
user,42687493@N06,usinterior
user,38353660@N07,ustr
user,63059536@N06,usnistgov
user,39675537@N08,usopm
user,68133850@N06,ustdaphotos
user,67083337@N02,us_sec
user,35591378@N03,whitehouse
user,67083337@N02,67083337@N02
user,84871316@N03,armynursecorps
user,79610364@N06,teamtobyhanna
user,64293484@N05,fhwa
user,39320593@N03,ncdot
user,24231108@N08,north-carolina-state-archives
user,37453565@N05,morriscountynj
user,27077560@N05,oceanexplorergov
user,86561000@N05,westernareapower